key	nonce	en
gov		Правительство
econ		Экономика
soct		Общество
rel		Религия
for		Внеш. политика
legal		Безопасность
o		Я совершенно не согласен с каждой частью всех этих философий
a		Меня не волнует этот вопрос
prev		Предыдущий вопрос
nota		Другое
idc		Апатия
cent		Радикальный Центризм
com		Коммунизм
soc		Социализм
socdem		Социал-Демократия
clas		Класс. Либерализм
ordo		Ордолиберализм
cap		Laissez-Faire
opt		Смешанная Экономика
marksoc		Рыночный Социализм
trad		Традиционализм
free		Свобода
prog		Прогрессивизм
just		Соц. Справедливость
perf		Перфекционизм
sec		Светское Гос-во
athe		Атеистическое Гос-во
athe*		Гос. Антитеизм
theo		Гос. Религия
hybr		Умеренная Религия
dir		Прямая Демократия
dir*		Электронная Демократия
rep		Унитарная Демократия
repub		Федер-ая Республика
repub*		Конфедерация
auth		Авторитаризм
auth*		Монархия
techno		Технократия
anar		Анархизм
plut		Плутократия
strato		Стратократия
rep*		Федер-ая Демократия
asim		Ассимиляция
glob		Интернационализм
glob*		Глобализм
pop		Национал-Популизм
sov		Суверенитет
iso		Изоляционизм
nat		Национализм
nat*		Империализм
open		Открытые Границы
open*		Минимализм
proced		Процедурная Безоп-ть
decn		Децентрализация
lao		Закон и Порядок
hum		Гуманизм
hum*		Реформизм
prot		Гос. Безопасность
prot*		Тотальная Безопасность
quizname		Prism Political Quiz
nota	desc	Если вы получили «Другое», значит, вы верите во что-то, что не согласуется с основными предположениями, которые делает этот тест, чтобы упростить вопросы для подавляющего большинства людей. Возможно, вам понадобятся более специализированные тесты для выявления ваших убеждений, хотя, скорее всего, у вас уже есть для себя конкретный ярлык.
idc	desc	Апатия — это отсутствие интереса к какому-либо вопросу. Он может не затрагивать вас, или вы можете просто не верить, что какой-либо вариант лучше других, или что нет никакой реальной надежды добиться изменений в вопросе. Некоторые апатичные люди просто могут больше заботиться о нескольких других вопросах и быть апатичными в отношении других.
cent	desc	В данном тесте «Радикальный центризм» используется для обозначения отсутствия сильного предпочтения между идеологиями. Это радикальный центризм, а не центризм, потому что он сочетает в себе элементы нескольких чрезвычайно разных идеологий. Это может означать, что у вас есть идеология, которая не отражена в этом тесте, или что вы просто выбирали случайные ответы.
soc	desc	«Социализм» означает убеждение, что государство должно контролировать экономику во многих отраслях. Сторонники социализма считают, что частная промышленность должна быть запрещена или ограничена отраслями, которым трудно дать прямую оценку. Они считают, что работники должны получать стоимость своего труда с минимальными суммами, передаваемыми руководству.
socdem	desc	Согласно этому тесту, приверженцы «Социал-демократии» считают, что правительство должно сильно вмешиваться в рынок. Хотя они верят в капитализм, они также считают, что обязанность правительства — следить за тем, чтобы результаты капитализма были справедливыми и не вредили бедным.
clas	desc	Под «Классическим либерализмом» понимается убеждение, что правительство должно в основном не вмешиваться в экономику, за исключением крайних случаев эксплуатации и когда компании не могут предоставить потребителю то, что они рекламировали.
ordo	desc	Под «Ордолиберализмом» понимается убеждение, что правительство должно регулировать деятельность компаний, чтобы капитализм работал как можно лучше, обеспечивая малому бизнесу возможность конкурировать с крупным. Сторонники ордолиберализма твердо верят в капитализм, но считают, что правительство должно обеспечивать конкуренцию в большинстве случаев.
com	desc	«Коммунизм» обозначает общество, производящее всё необходимое для свободного удовлетворения потребностей всех людей без какой-либо денежной системы или оплаты. Коммунизм предполагает наличие высокой производительности труда и высокоразвитых производительных сил, отсутствие государства и деления общества на социальные классы.
cap	desc	«Laissez-faire» означает полное отсутствие вмешательства государства (если оно вообще существует) в работу рынков, полагаясь только на рыночные принципы регулирования рынков через выбор потребителя, а не через мандаты. Привережнцы данной доктрины считают, что без регулирования рынки будут открыты для всех и, таким образом, будут установлены справедливые цены.
opt	desc	Под «Смешанной экономикой» понимается убеждение, что правительство должно конкурировать с рынками. Они верят, что правительство должно обеспечить базовый уровень услуг по доступной цене, но позволить частному рынку конкурировать по ценам или качеству, чтобы дать гражданам лучшее из того и другого.
marksoc	desc	«Рыночный социализм» обозначает использование рынков в государственных предприятиях. В частности, приверженцы этой модели обычно считают, что любой человек должен иметь возможность открыть государственное предприятие, чтобы обеспечить выбор для потребителей и при этом гарантировать работникам стоимость их труда.
trad	desc	«Традиционализм» обозначает противления прогрессу и следования консервативным взглядам и морали, которая гордится традиционными ценностями, такими как религия, патриотизм, патриархальная семья и брак. Традиционалисты также склонны верить в установление ограничений на технологии, которые могут нарушить их убеждения и ценности.
free	desc	Под «Свободой» понимается вера в право человека делать то, что он хочет, без регулирования или цензуры со стороны государства. Это особенно относится к возможности контролировать тело и разум человека, а также к свободе использовать достижения технологии в полной мере на индивидуальном уровне.
prog	desc	«Прогрессивизм» означает признание развития технологий и общества и веру в то, что мы как общество способны решать, что правильно, а что нет, в каждом конкретном случае, а не оперировать абсолютными терминами, поскольку технологические вопросы по своей природе сложны.
just	desc	«Социальная справедливость» означает, что политика и технологические достижения должны быть тщательно разработаны, чтобы применяться равномерно и не оказывать несправедливого влияния на уязвимые сообщества, такие как бедные или меньшинства.
perf	desc	«Перфекционизм» относится к готовности использовать любые доступные технологии для продвижения интересов государства. Потребности государства преобладают над желаниями людей, и при достаточном умственном манипулировании люди стремятся делать то, что нужно государству. Технологии могут быть использованы для устранения отходов и совершенствования человечества.
sec	desc	Под «Светским государством» понимается полное отделение церкви от государства (иначе говоря, секуляризм), а также убеждение, что государство должно оставаться нейтральным в вопросах религии, не поддерживая ни религию, ни атеизм.
athe	desc	«Атеистическое государство» означает, что правительство должно быть нерелигиозным. Они считают, что отдельные члены правительства и часть населения могут быть религиозными, но они не должны влиять на политику, основываясь на своей религии. Они считают, что людей следует обучать только науке и фактам, а не религии.
athe*	desc	«Государственный антитеизм» (иначе говоря антирелигия) означает, что религия в стране должна быть полностью запрещена. Они считают, что религии не должно быть места в государстве, и будут навязывать государственный атеизм всем гражданам страны путем запрета на любую религиозную деятельность.
theo	desc	Под «Государственной (официальной) религией» понимается убеждение, что правительство должно поощрять религию в стране. Они считают, что религия важна для народа и что правительство не должно воздерживаться от ее преподавания и включения в национальную собственность.
hybr	desc	Под «Умеренной религии» понимается убеждение, что государство и церковь могут сосуществовать, но государство не должно отдавать предпочтение какой-либо религии. Приверженцы данного убеждения выступают за баланс религий в школах и в правительстве, пока оно не отдает предпочтение какой-либо конкретной религии или не навязывает ее кому-либо.
dir	desc	«Прямая демократия» означает, что люди должны регулярно голосовать по вопросам через национальные референдумы. Сторонники прямой демократии считают, что народ должен иметь право управлять собой и напрямую влиять на политику, которая им управляет. Они, скорее всего, поддержат инициированные гражданами избирательные меры по выдвижению политических предложений.
dir*	desc	«Электронная демократия» обозначает использование технологий для обеспечения демократии через интернет. Это может включать частое проведение референдумов по электронной прямой демократии, а также варианты, когда человек может делегировать свой прямой голос другому для создания более представительной формы электронной демократии.
rep	desc	«Унитарная демократия» означает, что власть должна принадлежать национальному правительству, а провинциям по большинству вопросов практически не дается полномочий. Они обычно выступают за использование партийных списков с пропорциональным представительством на национальном уровне. Они считают, что каждый голос должен иметь равное количество мест.
repub	desc	«Федеративная республика» означает, что по большинству вопросов власть должна быть передана провинциям. Сторонники федеративной республики считают, что представители должны представлять конкретный округ, а не нацию в целом. Они хотят, чтобы распределение мест в законодательных органах обеспечивало влияние менее населенных провинций.
repub*	desc	Под «Конфедерацией» понимается убеждение, что местные органы власти должны быть основной единицей управления, а слабое национальное правительство должно иметь очень ограниченные полномочия. Они верят в право провинций на отделение и во многом поддерживают нацию как союз небольших местных провинций.
auth	desc	«Авторитаризм» означает, что правительством должен управлять один диктатор или другой подобный правитель, передаваемый по назначению предыдущим правителем. Сторонники авторитаризма обычно считают, что если один лидер будет править пожизненно, то он сможет использовать свой опыт в интересах нации.
auth*	desc	«Монархией» означает систему с единственным наследственным правителем, который в конечном итоге обладает правом принятия решений для нации. Приверженцы монархии обычно верят в то, что один человек, который может решать все, может служить интересам нации лучше, чем противоречивые голоса масс.
techno	desc	«Технократия» обозначает системы, в которой правительством управляют эксперты. Они считают, что власть должна передаваться по заслугам, а не по популярности, и склонны поддерживать идею предоставления образованным людям большей власти в правительстве, либо путем назначения их на должности, либо путем предоставления им большего веса голоса при голосовании.
anar	desc	«Анархизм» обозначает убеждение, что нам было бы лучше без правительства. Анархисты считают, что мы должны заботиться о своих собственных интересах без вмешательства правительства, а в перспективе и вовсе его распустить. Они считают, что никто не должен иметь власть над другим, и подчеркивают свободу личности.
plut	desc	«Плутократия» обозначает форму правления, при которой государством управляют богатые люди. Плутократия тесно связана с капитализмом, что может обозначать общество, управляемое частными мегакорпорациями, при котором государственная власть сращивается с бизнесом. Приверженцы плутократии считают, что поскольку богатые имеют наибольшую долю в правительстве, то они должны иметь наибольшее право голоса.
strato	desc	«Стратократия» используется для обозначения ряда форм правления, которые предполагают правление военных. Это может быть военная диктатура или демократия с ограничением избирательного права, чтобы голосовать могли только военные, или чтобы голоса военных учитывались больше. Они также могут верить в обязательную национальную службу.
rep*	desc	Под «Федеративной демократией» понимается убеждение, что власть должна быть разделена между национальным и местным правительствами, с соблюдением баланса сил. Они обычно считают, что национальное правительство должно быть пропорциональным в масштабах страны, а не состоять из представителей, избираемых по округам.
asim	desc	«Ассимиляция» означает принятие иммиграции с тем условием, что иммигранты адаптируются к культуре нации. Они склонны поддерживать международные сделки, которые не нарушают традиции нации, но не будут поддерживать сделки, которые могут привести к риску отказа от тех частей, которые традиционно делают нацию такой, какая она есть.
glob	desc	«Интернационализм» рассматривается как обязанность нации служить интересам всех людей в мире, а не только своим собственным. Сторонники интернационализма считают, что нация должна принимать меры по улучшению жизни в мире посредством гуманитарных акций за рубежом, и что нация должна быть гостеприимной к иностранцам и оказывать им помощь, когда это необходимо.
glob*	desc	«Глобализм» означает убеждение, что мы, как человечество — один мир, граждане планеты Земля, и что мы все должны заботиться друг о друге. Идеалом для глобалиста является дипломатическое объединение всех стран в единое мировое правительство, способное позаботиться обо всех людях. А пока этого не произошло, они верят в доброжелательное отношение к иммигрантам и беженцам.
pop	desc	Под «Национал-популизмом» пониается убеждение, что всё делается для блага народа страны. Они обычно поддерживают международные договоры, если они могут принести пользу населению страны, и выступают против договоров, которые могут подвергнуть их риску или лишить их прав.
sov	desc	Под национальным «Суверенитетом» понимается убеждение, что нация должна иметь абсолютное право контролировать свои законы. Эти люди считают, что нация должна иметь право контролировать свои границы и законы, и будут выступать против сделок и организаций, которые угрожают отобрать у нации часть этой власти.
iso	desc	«Изоляционизм» означает, что нация должна оставаться сосредоточенной внутри страны и игнорировать внешний мир. Они обычно верят в полный запрет на въезд людей в страну и выступают против любых соглашений с другими государствами.
nat	desc	«Национализм» означает, что во внешней политике на первом месте стоят интересы государства. Националисты могут поддерживать сделки с другими странами, которые могут дать государству больше власти, и они обычно поддерживают иммиграцию только в том случае, если иммигранты восполняют дефицит или иным образом добавляют что-то для государства.
nat*	desc	«Империализм» означает то, что нация должна делать всё, что в её силах, чтобы улучшить себя. Это включает в себя военный захват земель, на которые она претендует, и, если это служит интересам нации, захват еще больших земель, которые должны принадлежать нации.
open	desc	Под «Открытыми границами» понимается убеждение, что люди должны иметь возможность свободно въезжать и выезжать из страны. Более радикальная форма открытых границ также может предполагать отсутствие армии или каких-либо служб шпионажа. Сторонники этой модели обычно не делают многого за границей и не решаются заключать сделки, которые могут повлечь за собой риск ущемления свободы.
open*	desc	Под «Минимализмом» понимается убеждение, что центральное правительство не должно быть настолько велико, чтобы иметь возможность действительно проводить внешнюю политику. Они обычно твердо верят в открытые границы и хотят позволить людям свободно приезжать и уезжать из страны, и обычно выступают против национального языка или культуры.
praysch		Молитвы в Школе
praysch	0	В большинстве школ должна быть ежедневная молитва.
praysch	1	Я поддерживаю введение в государственных школах минуты молчания, во время которой ученики могут молиться по своему выбору, но не буду никому навязывать это.
praysch	2	Молитве не нужно отводить отдельное время в школах.
creationism		Креационизм в Школе
creationism	0	Вселенная была создана высшей силой. Мы должны преподавать это в наших школах, а эволюция должна упоминаться только при демонстрации её ошибочности.
creationism	1	Школы должны преподавать исключительно научные теории, одной из которых и является эволюция.
creationism	2	Государство не должно принимать чью-либо сторону. Государственные школы должны быть обязаны преподавать и креационизм, и эволюцию, а ученики могут сами решать, во что им верить.
church		Религиозные сооружения
church	0	Правительство должно поощрять строительство новых храмов и церквей по всей стране. Религиозные сооружения должны получать государственное финансирование, чтобы они могли оставаться открытыми.
church	1	Храмы и церкви важны для нашей нации, но государство должно следить за тем, чтобы в стране было достаточно религиозных сооружений всех основных религий.
church	2	В нашей стране уже достаточно храмов и церквей, их число должно оставаться таким, каким оно есть сейчас. Государство и церковь не должны вмешиваться в дела друг друга.
church	3	Храмы и церкви не являются столь значимыми для населения, необходимо сократить их количество, и вместо них построить то, что действительно нужно людям: школы, больницы, предприятия.
church	4	Все религиозные сооружения должны быть снесены и запрещены.
memorial		Религиозные высказывания на национальных мемориалах
memorial	0	Религия — важная часть нашей нации, и большинство наших солдат хотели бы видеть религиозные послания на своих мемориалах.
memorial	1	Я против религиозных высказываний и упоминания божества, которого, вероятно, не существует, на мемориалах нашим погибшим героям.
memorial	2	Наши национальные мемориалы не должны упоминать Бога или религию, они должны служить только для того, чтобы почтить память павших.
memorial	3	Нет ничего плохого в упоминании Бога на наших мемориалах, если это не является активной пропагандой какой-либо конкретной религии.
holidays		Религиозные праздники
holidays	0	Религиозные праздники самой популярной религии в стране должны быть также национальными праздниками, чтобы все могли отдыхать в связи с ними.
holidays	1	Государство не должно делать религиозные праздники национальными праздниками.
holidays	2	Религиозные праздники должны иметь меньше влияния, чем они имеют сегодня, и уж точно не должны быть национальными праздниками. Вместо них лучше устраивать больше праздников вокруг значимых для нашей страны исторических дат, или делать акцент на отдыхе, а не на соблюдении религиозных обрядов.
holidays	3	Правительство должно гарантировать наиболее святые праздники всех основных религий в стране, чтобы представители всех религий могли выполнять свои религиозные обязанности.
elections		Выборы
elections	0	Голос образованного человека должен весить больше, чем голос дурака.
elections	1	Каждый человек должен иметь голос, но он должен быть взвешен географически, по крайней мере, для одной палаты законодательного органа, чтобы гарантировать, что один регион не может доминировать в законодательном органе.
elections	2	Голос есть голос, и все голоса должны учитываться одинаково.
elections	3	Правительства не должно быть и, как следствие, выборов тоже, чтобы назначать людей на должности.
elections	4	Голосование — действительно ненужный процесс, прихоти масс не имеют значения.
elections	5	Те, кто вкладывает больше денег в правительство, заслуживают получить больше от своего голоса.
elections	6	Те, кто служит стране в армии, должны иметь больше прав голоса в правительстве, чем те, кто этого не делает.
representation		Представители
representation	0	Я не хочу представительства, я хочу, чтобы правительство было упразднено.
representation	1	Мне нужен представитель, которого я могу подкупить, чтобы добиться приоритета моей законодательной программы.
representation	2	Я хочу иметь лидера, который будет представлять интересы населения той области, где он работает, даже если он лично с ним не согласен.
representation	3	Мне нужен представитель, который обеспечит стабильность и силу благодаря пожизненному правлению.
representation	4	Мне нужны лидеры, которые являются экспертами в различных областях и могут использовать эти знания для создания хорошо продуманной политики.
representation	5	Я не хочу представительства, я хочу иметь возможность голосовать напрямую по большинству вопросов на референдумах
representation	6	Я хочу иметь лидера, который служил в армии и прошел путь по карьерной лестнице.
concentration		Концентрация власти
concentration	0	Власть должна быть децентрализована для всех, а важные решения в конечном итоге должны приниматься на частых общенациональных референдумах. Люди обычно знают, чего они хотят, и способны разобраться в вопросах при небольшом объяснении.
concentration	1	Политика должна определяться не политиками, а экспертами в каждой области, которые способны реально разобраться в вопросах, чего никогда не смогут сделать политики.
concentration	2	Мы должны распределять власть по регионам страны, при этом представители каждого региона должны определять национальную политику, но также оставлять многие вопросы на усмотрение самих регионов.
concentration	3	Власть должна быть сосредоточена в зависимости от уровня богатства. Граждане, которые богаче, имеют бóльшую долю в государстве и в большинстве случаев понимают как специализацию, так и то, как люди думают, чего они хотят, что позволило им стать богатыми.
concentration	4	Никто не должен иметь право издавать законы, у людей должна быть свобода самим решать, что неправильно, а что оправдано.
concentration	5	Только тем, кто служил в армии и потенциально рисковал жизнью ради нации, можно полностью доверить интересы нации, и только те, кто служил ей, должны иметь право голоса во власти.
concentration	6	Нам прежде всего нужен один единственный лидер, который мог бы служить всю жизнь и быть способным полностью понять общую картину. Не заботясь о том, что думает общество, лидер может принимать лучшие решения для всей нации.
concentration	7	Власть должна быть распределена между всеми через большой законодательный орган, в котором достаточно людей, чтобы представлять взгляды каждого человека. Политики должны иметь возможность тратить всё свое время на то, чтобы разбираться в проблемах, слушать экспертов и оценивать общую картину.
districts		Округа
districts	0	Мы должны иметь людей, представленных в нашем законодательном органе пропорционально их голосам на общенациональном уровне. Если 10% населения страны поддерживает какую-либо партию, то 10% законодательного органа должны быть представлены этой партией.
districts	1	Правительство должно представлять людей, которые представляли его через армию и другие виды национальной службы.
districts	2	В стране должны быть округа с представителями, представляющими примерно одинаковое количество людей, но с гарантированным минимальным представительством для географических районов.
districts	3	Представители мешают демократии. Вместо представительства мы должны напрямую голосовать по всем важным вопросам на национальном уровне.
districts	4	Должен быть один неизбираемый правитель, который представляет всех, учитывая интересы всей нации при принятии решений.
districts	5	Каждый человек должен заботиться о своих собственных интересах, не через правительство или голосование, а своими собственными средствами.
districts	6	Население не должно быть представлено так сильно, как все стороны, на которые повлияет политика, нуждаются в специализированном представителе для анализа вопроса с этой точки зрения.
districts	7	Представители должны представлять равное количество земли. Если вы вложили в страну достаточно средств, чтобы владеть целым округом земли, вы, вероятно, заинтересованы в успехе страны и должны быть представлены в округе.
trait		Самая важная черта в политическом лидере
trait	0	Мы должны сами принимать решения, нам не нужен лидер над нам.
trait	1	Самое важное качество лидера — политическая смелость. Нам нужен человек, который будет принимать необходимые решения, даже если они непопулярны.
trait	2	Самое важное качество лидера — это власть. Нам нужен человек, который может влиять на политику через связи, выходящие за рамки занимаемой должности.
trait	3	Самое важное качество лидера — интеллект. Нам нужен человек, способный понимать проблемы и находить пути их решения.
trait	4	Самое важное качество лидера — опыт. Нам нужен человек, который знает, как принимать решения, и понимает функции нашего правительства.
trait	5	Самое важное качество лидера — эмпатия. Нам нужен человек, который способен понять наши проблемы и решить их так, как мы хотим.
electionreform		Избирательная реформа
electionreform	0	Мы должны реформировать выборы, сделав законной продажу своего голоса.
electionreform	1	Мы должны сделать выборы безопасными и открытыми, используя интернет-технологии, такие как блокчейн, или разрешив электронное делегирование голосов.
electionreform	2	Мы должны повысить безопасность наших выборов путём ужесточения законов об удостоверениях личности и поиска случаев двойного голосования.
electionreform	3	Мы должны реформировать наши выборы, расширив доступ к голосованию. Граждане должны автоматически регистрироваться и получать бюллетени для голосования.
electionreform	4	Выборы должны быть отменены, так как закон не должен определяться общественным мнением.
secession		Право на отделение
secession	0	У нас не должно быть провинций, мы должны быть унитарным государством, поэтому не должно быть нигде чётко определённого места, где можно было бы отделиться.
secession	1	Провинциям не должно быть позволено отделяться, однако мы должны дать районам больше гибкости в установлении собственных законов, чтобы они могли принимать те законы, которые хотят, за исключением крайних случаев, таких как нарушение прав человека.
secession	2	Те, кто хочет независимости, не должны быть принуждены оставаться частью нашей нации, любой человек должен иметь право взять свою землю и собственность и объявить себя независимым без голосования.
secession	3	Провинции должны иметь право на отделение. Должна быть возможность организовать референдум и отделиться, если он пройдёт при подавляющей поддержке.
secession	4	Провинции должны существовать, но в большинстве случаев им не должны предоставляться референдумы о независимости, и уж точно не как право на отделение.
leaderselect		Выбор лидера
leaderselect	0	Лидеры должны назначаться предыдущим лидером на основе заслуг, чтобы у нас всегда было компетентное руководство.
leaderselect	1	Лидеры должны выбираться, но не напрямую путём всенародного голосования. Оно должно быть взвешенным, чтобы голоса всех провинций учитывались, а не только самых крупных.
leaderselect	2	Лидеры должны быть в основном наследственными, передаваться по крови.
leaderselect	3	Лидеры должны выбираться на основе военного опыта. Те, кто доказал свою способность руководить, пройдя путь наверх, заслуживают возглавить нацию.
leaderselect	4	Лидеры должны быть выбраны демократическим путём нацией, которую они возглавят.
leaderselect	5	Лидеры должны быть выбраны людьми c наибольшим пакетом акций в стране, подобно тому, как корпорация может выбрать своего генерального директора.
leaderselect	6	У нас не должно быть единого лидера, который выбирается любым способом.
policysetting		Полномочия для установления политики
policysetting	0	Власть по установлению политики должна в основном находиться на провинциальном или местном уровне, с ограниченной властью на национальном уровне.
policysetting	1	Исполнительная власть страны должна обладать большинством полномочий по принятию решений и, как правило, создавать политику.
policysetting	2	Избранная национальная законодательная власть должна в первую очередь определять политику для всей страны и отменять любые законы на уровне провинций.
policysetting	3	Власть по формированию политики должна принадлежать исполнительной власти, но через назначаемый кабинет министров и бюрократию, которые могут лучше специализировать свои знания, чем исполнительная власть.
policysetting	4	Власть должна принадлежать непосредственно народу, который должен инициировать принятие законов путём голосования по инициативе граждан.
policysetting	5	Власть должна принадлежать самым богатым людям, поскольку они, как правило, наиболее способные и вносят наибольший вклад в развитие страны.
policysetting	6	В конечном итоге власть и возможность определять политику должны принадлежать военным.
policysetting	7	Ни один человек или орган не должен иметь власть над человеком, мы должны быть свободны в своей жизни.
policysetting	8	Власть должна быть разделена между национальными и местными органами власти примерно поровну.
peoplepolicy		Роль населения в политике
peoplepolicy	0	Население, как коллектив, обычно может понимать и принимать хорошие решения в отношении политики с небольшим количеством объяснений, чтобы иметь возможность напрямую решать, чего они хотят.
peoplepolicy	1	Богатые, как правило, знают, чего они хотят, и имеют хорошее мнение, но бедные редко знают, что для них хорошо.
peoplepolicy	2	Население в целом имеет плохое мнение, и правительству было бы лучше обойтись без него.
peoplepolicy	3	Люди должны иметь право голоса, но правительство должно стараться избегать тирании большинства, имея больше местного представительства, а не навязывая общенациональное народное мнение всему народу.
peoplepolicy	4	Мнение других людей не должно влиять на то, что вам разрешено делать.
peoplepolicy	5	Население обычно знает, чего оно хочет, но нельзя ожидать, что у него будет время на изучение и голосование по каждому вопросу, поэтому следует делегировать это представителям.
healthcare		Здравоохранение
healthcare	0	Я поддерживаю частное страхование и поставщиков медицинских услуг, но при условии, что цены будут конкурентоспособными по отношению к затратам на их производство, и преследовании любых случаев ценового сговора.
healthcare	1	Я не хочу запрещать частное здравоохранение или страхование, но я хочу, чтобы был государственный вариант, который обеспечит справедливые цены, который выведет из бизнеса частные компании, использующие клиентов в своих интересах.
healthcare	2	И здравоохранение, и лечение должны напрямую предоставляться и гарантироваться всем гражданам государством.
healthcare	3	Я верю в то, что у нас будет не один, а много государственных вариантов медицинского обслуживания. Все они будут оплачиваться, но вы сможете выбрать тот, в котором, по вашему мнению, лучшее обслуживание, чтобы создать конкуренцию между ними.
healthcare	4	Здравоохранение должно быть предоставлено свободному рынку. Если поставщики медицинских услуг или страховщики не будут предоставлять доступные услуги, у них не будет клиентов, и они обанкротятся.
healthcare	5	Медицинские услуги должны быть частными, но я позабочусь о том, чтобы правительство создало систему единого плательщика, чтобы никто не беспокоился о том, что сможет позволить себе необходимое медицинское обслуживание.
healthcare	6	Разрешение поставщикам медицинских услуг свободно устанавливать свои собственные цены позволяет им финансировать дополнительные исследования и приносит пользу всем нам, предоставляя новые, лучшие методы лечения.
minwage		Минимальная заработная плата
minwage	0	Все компании должны быть обязаны справедливо распределять прибыль между своими сотрудниками. Любой человек, стоящий во главе компании, не должен иметь права получать значительно большую зарплату, чем те, кто находится в самом низу компании.
minwage	1	Должна существовать национальная программа, гарантирующая работу с зарплатой, на которую люди могут комфортно жить, работая над такими вещами, как улучшение инфраструктуры. Компании, которые платят меньше этой зарплаты, будут испытывать трудности с поиском работников для заполнения своих вакансий.
minwage	2	Большинство работающих людей должны получать стоимость своего труда (с минимальным, комфортным прожиточным минимумом). Также должна быть установлена максимальная заработная плата, а менеджерам и руководителям следует платить гораздо меньше.
minwage	3	Людям должен быть гарантирован прожиточный минимум от их работы. Они должны иметь возможность работать на одной работе с разумной продолжительностью рабочего дня и иметь гарантированный достаток, чтобы позволить себе всё необходимое.
minwage	4	Минимальной заработной платы быть не должно. Рынки сами определят, сколько стоит труд, и позволят нам поддерживать конкурентоспособные цены по сравнению с товарами, произведенными с использованием иностранной рабочей силы.
minwage	5	Должен быть умеренный прожиточный минимум, который не приведёт к банкротству малого бизнеса, а также налог на крупные компании с большим количеством работников за чертой бедности, чтобы оплатить все социальные пособия, которые получают их работники, и обеспечить конкурентоспособность малого бизнеса.
minwage	6	Рабочие должны иметь минимальную заработную плату, чтобы предотвратить гонку на дно, но руководители компаний разрабатывают идеи для своего бизнеса и берут на себя риски при его основании и поэтому заслуживают большую часть прибыли своей компании.
minwage	7	Люди должны производить столько, сколько могут, и потреблять столько, сколько им нужно. Понятия денег не должно существовать.
isp		Провайдеры интернет-услуг
isp	0	Мы должны регулировать деятельность интернет-провайдеров, чтобы гарантировать, что они обеспечивают общенациональное покрытие и что везде есть несколько вариантов, чтобы обеспечить конкуренцию, и преследовать их в судебном порядке, если компании заключают сделки, позволяющие им создавать региональные монополии.
isp	1	Для провайдеров дорого подключать районы к интернету. Они будут делать все возможное, чтобы обеспечить покрытие по доступной цене, и их следует наказывать только в том случае, если они не смогут обеспечить качество и надёжность интернета, которые они рекламировали.
isp	2	За счёт налогов правительство должно субсидировать многочисленных поставщиков интернет-услуг, охватывающих все районы страны, в обмен на ценовые гарантии, чтобы у каждого было несколько доступных вариантов подключения к интернету.
isp	3	У нас должен быть национальный интернет-провайдер, который гарантирует доступный, надёжный, высокоскоростной интернет на всей территории страны. Частные компании должны будут конкурировать с ним в качестве базового уровня.
isp	4	Поставщики услуг высокоскоростного интернета должны быть национализированы. Они не могут обеспечить честную конкуренцию из-за стоимости прокладки кабелей, особенно в сельской местности.
isp	5	Мы должны сделать возможным для людей создание поддерживаемых правительством интернет-провайдеров в их регионе. Они будут принадлежать государству, и люди смогут выбирать, какого интернет-провайдера они хотят среди имеющихся в районе вариантов, создавая таким образом конкуренцию между ними.
isp	6	Интернет-провайдеры не должны регулироваться и сами будут находить справедливую цену за интернет, которая может варьироваться в зависимости от того, насколько дорого подключить тот или иной район, исходя из того, сколько это стоит.
ubi		Безусловный базовый доход (ББД)
ubi	0	Гарантировать доход — опасная идея, которая лишает мотивации, не стимулирует работать. Это нанесёт ущерб экономике, и я не могу это поддержать.
ubi	1	Я поддерживаю безусловный базовый доход, оплачиваемый крупными компаниями, передающими на аутсорсинг или автоматизирующими рабочие места, почти в той же степени, что и разница в затратах, чтобы позволить малому бизнесу оставаться конкурентоспособным.
ubi	2	Бедным должны быть гарантированы предметы первой необходимости через управляемые государством общественные варианты со скидками для пожилых людей и тех, кто находится в бедности, а не через безусловный базовый доход.
ubi	3	Я поддерживаю универсальную зарплату немного ниже средней зарплаты, а не базовый доход. Её должны получать те, кто не может работать по состоянию здоровья, из-за временной безработицы или на пенсии, а работающим должна быть гарантирована как минимум такая же сумма.
ubi	4	Я против безусловного базового дохода. Работающим людям должен быть гарантирован прожиточный минимум, а пособия для безработных и нетрудоспособных должны быть больше, чем стоил бы ББД. Богатым не нужен этот дополнительный доход.
ubi	5	Я поддерживаю безусловный базовый доход, состоящий из прибыли государственных компаний, чтобы распределить их успехи и обеспечить минимальный риск для менее успешных государственных компаний.
ubi	6	Я поддерживаю безусловный базовый доход. Бедные не должны доказывать, что они бедные, и позволять правительству распоряжаться за них тем, как они тратят своё пособие.
ubi	7	Вместо того чтобы начинать налогообложение с 0%, следует установить порог, и платить тем, кто ниже порога, а те, кто зарабатывает больше порога, должны облагаться налогом, и вы всегда должны получать больше, работая, чтобы всегда был стимул работать.
ubi	8	Людям должны быть гарантированы их потребности. Такие доходы, как безусловный базовый доход, не должны существовать.
utilities		Коммунальные услуги
utilities	0	Коммунальные службы найдут справедливую конкурентную цену. Они не должны регулироваться, даже если только одна компания обслуживает район, они должны конкурировать, потому что люди будут принимать их во внимание при выборе района для проживания.
utilities	1	Коммунальные услуги должны принадлежать местным государственным компаниям и предоставляться для небольшой группы населения, которую они обслуживают. У людей будет выбор, услуги какой компании использовать, обеспечивая таким образом конкуренцию между ними.
utilities	2	Коммунальные услуги, такие как электричество и вода, должны быть национализированы. Это общественные блага, которые нужны всем. Общественный контроль позволяет добиться наилучшего качества, поскольку во многих местах существует только один вариант.
utilities	3	Правительство должно субсидировать коммунальные компании, расширяющие свою деятельность во всех районах страны. В обмен на эту помощь компании должны гарантировать справедливую цену и другие гарантии, например, определённый процент возобновляемой электроэнергии каждый год.
utilities	4	Создание коммунальной инфраструктуры обходится компаниям дорого, и от них следует ожидать установления справедливой прибыльной цены, чтобы окупить свои инвестиции в разумные сроки.
utilities	5	Мы должны иметь национальные коммунальные компании, но не запрещать частные компании. Если они смогут найти рынок, то смогут конкурировать с национализированными вариантами.
utilities	6	Коммунальные услуги должны регулироваться для обеспечения совместимости систем, чтобы несколько компаний могли подключаться к одному и тому же зданию. Мы должны преследовать монополии, которые не предоставляют выбора.
privateschools		Частные школы
privateschools	0	Школы должны быть частными, но правительство должно предоставлять ваучеры бедным, чтобы каждый ребёнок мог позволить себе посещать школу.
privateschools	1	Школы должны быть государственными, однако родители и ученики должны иметь возможность выбирать, какую государственную школу посещать, обеспечивая конкуренцию.
privateschools	2	Все школы должны принадлежать государству. Это облегчит обеспечение равных возможностей для успеха всех наших учеников.
privateschools	3	Должна быть смесь государственных и частных школ, однако государственные школы должны получать большое финансирование, чтобы наши дети получали хорошее образование и чтобы они были конкурентоспособны по сравнению с частными школами.
privateschools	4	Государственных школ быть не должно. Государство не должно быть обязано предоставлять образование тем, кто не может его себе позволить.
outsourcing		Аутсорсинг
outsourcing	0	Государство должно национализировать всё производство в стране и не передавать рабочие места на аутсорсинг.
outsourcing	1	Мы должны иметь национальное производство, субсидируемое налогами, чтобы цены были конкурентоспособными по сравнению с работой, переданной на аутсорсинг. Покупатели могут сами решать, что лучше.
outsourcing	2	Мы должны отменить минимальную заработную плату здесь. Тогда затраты на производство здесь будут ниже, чем на производство за рубежом и доставку сюда.
outsourcing	3	Мы должны регулировать деятельность компаний, чтобы предоставлять субсидии и государственные закупки только тем предприятиям, которые осуществляют ключевое производство внутри страны, а не за рубежом.
outsourcing	4	Аутсорсинг ручного труда позволяет нашим гражданам иметь дешёвые товары и не заниматься рутинным ручным трудом, позволяя выполнять здесь сложную работу.
outsourcing	5	Государство должно владеть большей частью промышленности, но должно допускать конкуренцию между ними, чтобы не было только одного выбора. Поскольку они принадлежат государству, мы можем гарантировать, что все они производятся внутри страны.
outsourcing	6	Мы должны ввести большие пошлины на товары, произведённые в странах с худшими трудовыми правами, чем у нас, чтобы компании могли производить всё здесь и иметь честную конкуренцию.
bankcrash		Крах банка, который нанесёт ущерб экономике
bankcrash	0	Мы должны создать единый национальный банк, принадлежащий государству, и купить все существующие банки, включая тот, который терпит крах. Это гарантирует, что все смогут платить по одинаковым ставкам, и что мы сможем взять на себя долг обанкротившегося банка.
bankcrash	1	Проблема в том, что у нас есть частные мегабанки. Вместо этого у нас должны быть местные общественные банки, принадлежащие местному правительству, которые работают в интересах общин, которые они представляют, и финансируют бизнес в этом районе.
bankcrash	2	Мы не должны вмешиваться в свободные рынки. Они потерпят неудачу, и в конечном итоге экономика восстановится сама собой.
bankcrash	3	Мы должны разбить крупные банки, пока они не дошли до ситуации, когда подобный крах может быть вызван одной компанией.
bankcrash	4	Мы должны выручить банк, чтобы спасти экономику, но в конечном итоге заставить банк вернуть деньги с процентами.
bankcrash	5	Мы должны купить этот банк и управлять им как национальным банком. Другие банки могут конкурировать с нами, но мы можем гарантировать, что не обанкротимся.
bankcrash	6	Банки не должны существовать ни в какой форме.
highways		Автомобильные дороги
highways	0	Автодороги должны находиться в собственности местных органов власти и финансироваться из их бюджетов. Это гарантирует, что они учитывают пожелания местных сообществ.
highways	1	Автодороги должны быть приватизированы. Частные автодороги гарантируют, что за них платят только те, кто ими пользуется, и создадут лучшее качество.
highways	2	Многие автодороги должны быть государственными, но также следует разрешить строительство частных автомагистралей, чтобы они могли конкурировать. Если их качество или расположение позволяет им быть прибыльными, потому что люди выбирают их, это положительный момент для всех.
highways	3	Автодороги должны управляться государством. Это позволит нам гарантировать качество дорог по всей стране, бесплатное для всех, и нанять много людей для работы по обеспечению высокого качества.
debt		Государственный долг
debt	0	Мы должны брать на себя долговые обязательства как для улучшения экономики, так и для инвестиций в наше население способами, которые в долгосрочной перспективе окупятся. Мы должны оплачивать этот долг путём повышения налогов на крупные компании.
debt	1	Правительство контролирует валюту. Мы можем печатать больше денег, когда они нам нужны, и законодательно поддерживать цены на одном уровне, чтобы инфляция не стала проблемой.
debt	2	Мы должны помнить о долгах и выплачивать их по мере возможности. Когда экономика переживает спад, мы должны тратить средства, чтобы помочь ей выжить, но мы должны сократить государственные расходы и вернуть долг, когда экономика снова пойдёт в гору.
debt	3	Наличие государственного долга — это не плохо, и мы не должны сокращать программы расходов для его погашения, хотя у нас должен быть план, прежде чем его увеличивать.
debt	4	У правительства не должно быть долга, потому что оно не должно тратить деньги. Мы должны сократить все программы расходов и как можно быстрее погасить долг.
debt	5	Валюта не должна существовать, и, как следствие, долг не должен существовать.
consumergoods		Производство потребительских товаров
consumergoods	0	Принадлежащая государству промышленность должна производить все потребительские товары для населения.
consumergoods	1	Любой человек должен иметь возможность основать государственную компанию, которая может производить конкурирующие потребительские товары.
consumergoods	2	Государство не должно производить потребительские товары, их должны производить рынки.
consumergoods	3	Государство должно производить потребительские товары, чтобы обеспечить доступную цену, однако свободный рынок должен иметь возможность конкурировать с ним.
consumergoods	4	Государство должно регулировать потребительские товары для обеспечения безопасности и соответствия стандартам, но не производить их.
consumergoods	5	Государство должно гарантировать потребительские товары для удовлетворения потребностей каждого, предоставляемые теми, кто способен их производить, без какой-либо валюты.
genetic		Генная инженерия
genetic	0	Генная инженерия должна быть не только разрешена, но и обязательна. Мы должны модифицировать младенцев, чтобы они в совершенстве владели именно тем, что нам нужно, и планировать их жизнь так, чтобы они могли идеально интегрироваться в общество, не задаваясь вопросом о своём месте.
genetic	1	Государство не должно стоять на пути генной инженерии. Тем, кто хочет создать лучших детей с помощью технологии, должно быть позволено это сделать.
genetic	2	Мы должны использовать генетические модификации во благо, например, для искоренения болезней и исправления генетических дефектов, но большинство признаков следует оставить на усмотрение генетики.
genetic	3	Генетика человека не должна быть чем-то, что можно изменять. Если только без генетической модификации человек не погибнет, мы должны избегать этого.
genetic	4	Генная инженерия представляет собой серьёзную угрозу, позволяя сверхбогатым людям рожать нечеловечески совершенных детей, которые могут превзойти бедных, что ещё больше увеличивает классовый разрыв в обществе, что должно быть запрещено, за исключением случаев жизни и смерти.
flagburn		Сожжение флага
flagburn	0	У страны есть серьезные проблемы, и единственный способ добиться их решения — привлечь внимание. Сожжение флага довольно безобидно, но привлекает внимание, поэтому это хороший метод протеста.
flagburn	1	It should be mandatory to support the nation, and as such, damaging a flag should be very illegal.
flagburn	2	I support the right to protest and destroy flags, but flag-burning should be regulated for safety to ensure that it does not pose a danger to people or property, through the smoke or fire
flagburn	3	A flag is a symbol of our nation. To destroy a flag is a hostile act against the nation and should be illegal
flagburn	4	This should be a free country, and if you own a flag, you should be free to burn it if that's what you want to do
freespeech		Free Speech
freespeech	0	You should have the freedom to say anything. It's not illegal until you actually take an illegal action based on the speech
freespeech	1	Speech should be free, but you should not be guaranteed protection from backlash, including being removed from platforms if your opinions are unwelcome there
freespeech	2	You should not have freedom of speech. The state should decide what is acceptable to say
freespeech	3	Speech should generally be free, if it is literal speech. However, symbolic speech such as destroying a symbols of the government or religious texts are grossly offensive and should be banned
freespeech	4	We should ban and penalize very offensive language such as slurs. These should be penalized through fines offline and deplatforming online
drugs		Наркотики
drugs	0	Наркотики опасны для нашего общества и могут разрушить семьи и отношения. Для нашей безопасности следует запретить их продажу для рекреационного использования и проводить программы по просвещению людей об опасностях, которые они представляют.
drugs	1	Запреты на многие наркотики, например, марихуану, были разработаны для непропорционального воздействия на бедные слои населения и меньшинства. Мы должны отменить большинство приговоров, связанных с наркотиками, и ввести программы, помогающие наркоманам вернуть свою жизнь в нормальное русло.
drugs	2	То, что вы делаете со своим организмом, — ваше личное дело. Мы должны легализовать наркотики, чтобы они не попадали на чёрный рынок.
drugs	3	Мы должны просвещать наших детей об опасности наркотиков и запретить самые вредные из них, но такие, как марихуана, должны быть разрешены для рекреационного использования.
drugs	4	Мы можем использовать наркотики, чтобы убедиться, что люди не способны создавать проблемы. Мы можем запретить их и предоставлять только тогда, когда люди действуют в соответствии с требованиями государства.
baker		Религиозный пекарь отказывается печь торт для гей-пары
baker	0	Если они не просят его нарисовать графическое изображение, изображающее гомосексуализм, у него не должно быть проблем с этим. Если это просто написание их имён и что-то вроде флага гордости, то отказ — это дискриминация.
baker	1	Это неприемлемая дискриминация и гомофобия. Этот человек не должен заниматься бизнесом.
baker	2	Эта пара должна быть арестована. Они должны быть в браке с кем-то, с кем они могут произвести на свет детей.
baker	3	Пекаря просят сделать что-то против его религии. Он не должен быть обязан печь что-то в честь этого.
baker	4	Люди никогда не должны быть обязаны что-либо делать. Пекарь должен иметь возможность отказать в своих услугах любому по любой причине, они могут получить торт в другом месте.
abortion		Аборт
abortion	0	Право на жизнь является фундаментальным правом, и аборты должны быть запрещены почти во всех случаях.
abortion	1	Запреты на аборты в первую очередь вредят бедным и часто оставляют матерей-одиночек в нищете с ребенком. Аборт должен быть легальным для всех.
abortion	2	Вы должны иметь полный контроль над своим телом, в том числе возможность сделать аборт без каких-либо ограничений.
abortion	3	Аборт должен быть легальным, но редким. Люди должны быть осведомлены об альтернативных методах контрацепции, и должны быть введены ограничения на аборты на поздних сроках без причины.
abortion	4	Если государство разрешает вам иметь ребенка, вы должны его иметь, если только жизнь матери не находится под угрозой. Однако для людей, не получивших разрешения на рождение ребенка, аборты должны быть обязательными, и к ним должны применяться строгие меры наказания.
climate		Изменение климата
climate	0	Мы должны действовать, чтобы предотвратить изменение климата, и каждый должен внести свой вклад. Мы должны стимулировать отдельных людей к переходу на «зелёный» образ жизни, а также регулировать деятельность компаний, чтобы они соответствовали экологическим стандартам.
climate	1	Корпорации и богатые люди вносят наибольший вклад в изменение климата. Мы должны направить на них большую часть наших нормативных актов, чтобы люди не тратили энергию на питание огромных особняков, которые им не нужны.
climate	2	Глобального потепления на самом деле не существует. Безумие требовать от всех перестраивать здания и автомобили для борьбы с ним.
climate	3	Люди не должны быть обязаны делать что-либо для борьбы с изменением климата. Люди могут добровольно сокращать выбросы, если хотят.
climate	4	От населения следует ожидать минимизации собственных отходов, чтобы как можно больше ресурсов оставалось для использования государством для поддержания своих интересов.
reproductive		Репродуктивные стимулы
reproductive	0	Мы должны держать население под контролем, но стимулы не остановят богатых, поэтому мы должны ввести жёсткое ограничение на количество детей, которое может иметь человек.
reproductive	1	Люди должны иметь столько детей, сколько хотят. Это не дело государства.
reproductive	2	Мы должны поощрять наших коренных жителей иметь больше детей, предлагая налоговые льготы, чтобы они могли поддерживать нашу экономику по мере старения населения и обеспечивать передачу нашей культуры по наследству.
reproductive	3	У Земли есть предел численности населения, которое она может поддерживать, и хотя мы не должны вводить жёсткий контроль, мы должны стимулировать людей ограничивать число детей, которых они имеют.
reproductive	4	Те, у кого есть гены, нужные государству, должны иметь детей и рожать их часто, а тем, у кого гены плохие, вообще не следует разрешать иметь детей.
reproductive	5	Стимулы, ограничивающие численность населения, навредят только бедным, поскольку богатые не будут заботиться о стимулах. Мы должны оказывать финансовую поддержку бедным, чтобы наша молодёжь могла удовлетворить свои потребности в детстве, но не настолько, чтобы считать это стимулом.
ai		Искусственный интеллект (ИИ)
ai	0	Искусственному интеллекту нельзя доверять, поскольку он представляет потенциальную угрозу для людей. Мы не должны позволить ему вытеснить живых людей с их рабочих мест.
ai	1	Люди и компании должны иметь возможность свободно использовать ИИ.
ai	2	Мы должны полностью принять ИИ. Скоро он сможет и должен быть способен принимать решения гораздо объективнее, быстрее и эффективнее, чем человек.
ai	3	Искусственный интеллект в значительной степени отнимает рабочие места у работников с низким уровнем дохода и может нанести ущерб их средствам к существованию. Более того, обучая ИИ на необъективных данных, можно скрывать таким образом дискриминацию. Мы должны ограничить его использование.
ai	4	Мы должны принять искусственный интеллект, но должны быть уверены, что для работников, которых он вытеснит, есть адекватные альтернативы, и что любой ущерб, который он может нанести, будет ограничен.
prostitution		Проституция
prostitution	0	Люди должны быть свободны делать со своим телом всё, что они хотят. Если они хотят продавать себя за секс, это их собственный выбор.
prostitution	1	Секс должен быть предназначен только для брака или, по крайней мере, для долгосрочных отношений. Проституция и другие виды секс-работы аморальны.
prostitution	2	Не следует разрешать несанкционированный секс, так как это может привести к появлению детей с далеко неидеальными характеристиками.
prostitution	3	Мы должны регулировать проституцию и другие виды секс-работы, потому что альтернативой этому является чёрный рынок, что гораздо хуже.
prostitution	4	Проституция использует бедных в своих интересах, заставляя их продавать себя богатым людям только для того, чтобы иметь возможность оплачивать счета. Покупка секса должна быть незаконной.
immigration		Иммиграция
immigration	0	Иммигранты, попавшиеся на нарушении законов, должны быть депортированы, но на тех, кто незаконно въезжает в страну, следует обращать внимание и разрешать им оставаться, поскольку они работают за меньшую зарплату и в худших условиях, чем наши граждане, и позволяют нам снизить стоимость жизни для наших граждан.
immigration	1	Мы должны иметь возможность проверять иммигрантов, прибывающих в нашу страну, и в конечном итоге решать, кто въезжает в страну. Те, кто въезжает незаконно, должны быть найдены и депортированы.
immigration	2	Мы можем принимать иммигрантов, но от них следует ожидать изучения нашего языка и культуры, а также приложить все усилия для интеграции в наш народ и образ жизни.
immigration	3	Мы должны принимать и поощрять переезд к нам талантливых, образованных иммигрантов. Мы можем предоставить им лучшее, что есть в нашей стране, а они смогут улучшить нашу страну своими талантами.
immigration	4	Я поддерживаю идею открытия наших границ для всех, кто хочет иммигрировать. Свобода передвижения — это важнейшее право человека.
immigration	5	Мы должны закрыть наши границы и полностью прекратить иммиграцию. Наша нация предназначена только для нашего народа.
immigration	6	Мы должны убедиться, что в иммигрантах, которых мы впускаем, есть потребность. Те, кто берётся за низкооплачиваемую работу, которую может выполнять любой, отнимают работу у наших граждан. Однако я бы поддержал иммигрантов, обладающих профессиональными навыками там, где у нас их не хватает.
immigration	7	Мы должны облегчить и ускорить процесс легальной иммиграции в нашу страну. Иммигранты улучшают нашу нацию, и мы можем обеспечить многим из них гораздо лучшее качество жизни.
parliament		Regional Union+Parliament (like the EU)
parliament	0	This union contains many nations with many languages, identities, and cultures, and they are able to maintain those cultural identities. As such, I see no issue with our membership
parliament	1	I support this regional union. We should use this common parliament to push forward legislation that benefits the people of all of our nations
parliament	2	This union allows us to better protect our people through international product safety standards and can allow us easier international trade deals, bring up our quality of life
parliament	3	I oppose being a part of any such union. I have no interest in what the laws of other nations are, but I am very much opposed to  giving them a say in our laws
parliament	4	Our laws are for our own people to decide, not those abroad. I oppose being a part of this union
parliament	5	Being a part of this regional union gives us a much greater say in international affairs, significant economic benefits, and allow us more diplomatic options. As such, I support being a part of it
parliament	6	The freedom of our people is my first priority, and the regulations from this union could restrict the freedom in this country. I am opposed to being a part of it
intcurrency		International Currency
intcurrency	0	Our historical currency is a part of our national identity. We cannot give that up for a slight ease of transactions with foreigners
intcurrency	1	Sharing a currency with neighboring nations increases our currency's stability and gives it more weight internationally, so I support it
intcurrency	2	I support sharing a currency with our neighbors, as it will simplify life for everyone in the shared currency zone and make international commerce easier
intcurrency	3	I am opposed to sharing a currency with other nations. We need to be able to make decisions about our currency internally, and foreigners should not have a say in that
intcurrency	4	I support using a shared currency with neighboring nations. It allows our people and theirs to easily travel to each other and eases transactions across the shared currency zone
intcurrency	5	Having the ability to print our own currency when we need to stimulate our economy is valuable to our nation, and is worth more than the benefits of a shared currency
intcurrency	6	The government should not be regulating currency, people should be free to choose what they accept as pay, such as cryptocurrency, material goods, or the currency of another nation, if they believe that has value
refugees		Беженцы
refugees	0	Мы должны принимать беженцев только в том случае, если они могут что-то предложить нашей стране, будь то таланты специалистов или сведения о стране, из которой они бегут.
refugees	1	Наш долг — помогать нуждающимся людям. Мы должны принять столько беженцев, сколько мы в состоянии комфортно содержать.
refugees	2	Если они смогут добраться до нашей страны, мы не должны отказывать им во въезде, они должны иметь право быть частью нашего народа.
refugees	3	Эти люди могут представлять угрозу для наших граждан. Мы должны принимать очень мало беженцев, только после тщательной проверки биографии, на строгих условиях.
refugees	4	Беженцы — не наша проблема. Им не следует разрешать въезд в страну.
refugees	5	У нас должна быть система, при которой беженцы проходят проверку, но после того, как они её проходят, мы должны впускать их в страну при соблюдении условий для интеграции в наше общество.
minoritylang		Minority Group Making Language Official Where Spoken a lot
minoritylang	0	People who do not speak our language should be deported. There is no reason for another language
minoritylang	1	We should add it as an additional language in that locality, as it can make life significantly easier for these people
minoritylang	2	It is important for our nation to have a single national official language. These people should be expected to learn and understand the national language
minoritylang	3	This will cause undue burden to our industries in labeling everything for all languages for all localities. We should have one national language
military		Когда следует использовать военные действия
military	0	Мы должны использовать наши вооружённые силы в качестве сдерживающего фактора, чтобы гарантировать, что на нас не нападут, поскольку каждый раз, когда мы вступаем в войну, мы подвергаем риску жизни наших граждан.
military	1	Состояние других стран не должно нас волновать, поэтому любые вооружённые силы должны использоваться только для самообороны.
military	2	Мы должны использовать наши вооружённые силы для обеспечения благополучия и свободы людей во всем мире, например, для участия в международных миротворческих миссиях и для замены правительств, не соблюдающих права человека.
military	3	Мы должны использовать наши вооружённые силы для нападения и аннексии территорий, которые должны принадлежать нам.
military	4	Наши вооружённые силы должны защищать наши интересы за рубежом, чтобы обеспечить наше влияние, например, путём свержения враждебных правительств.
military	5	У нас не должно быть армии.
military	6	Мы должны использовать наши вооружённые силы в первую очередь для обеспечения сохранения статуса и независимости нашей страны, например, для защиты союзников и обеспечения того, чтобы другие страны не пытались захватить нашу землю или воду.
borderchecks		Agreement between Allies to Prevent Border Checks Between Them (Schengen)
borderchecks	0	I oppose this, as we should not be having people from other nations in our nation at all
borderchecks	1	It is important that we can examine who is coming into our nation, we cannot control who enters those nations, which is unacceptable
borderchecks	2	This agreement is a win for everyone and can make it possible for closer alliances between our people
borderchecks	3	I support this agreement. As long as these people respect our laws and values, this can make it easier for tourists to visit our nation and improve our national wealth
borderchecks	4	I support this, not just with our allies, but with all nations. People should be free to enter any nation
borderchecks	5	With this agreement, our people can easily vacation to our allies if they choose, with negligible additional risk, so I support this
borderchecks	6	We should not allow people to leave the nation, and as such, I am opposed to this
foreignaid		Иностранная помощь
foreignaid	0	Мы должны расширять свое влияние за рубежом, и иностранная помощь — это хороший способ завоевать расположение и популярность за рубежом.
foreignaid	1	Иностранная помощь может значительно улучшить качество жизни развивающихся стран за относительно небольшие деньги для нас, поэтому мы должны её предоставлять.
foreignaid	2	Мы должны направлять иностранную помощь в страны с низкими стандартами. Улучшение жизни там уменьшает количество беженцев по всему миру и защищает нашу нацию от них.
foreignaid	3	Мы не должны тратить деньги наших налогоплательщиков, заработанные тяжёлым трудом, на другие страны.
foreignaid	4	Дела других стран не имеют для нас значения, поэтому нет причин отправлять иностранную помощь.
foreignaid	5	Любое правительство должно быть минимальным, если оно вообще существует, и поэтому не должно иметь средств, чтобы платить деньги за границу.
unres		Резолюции Организации Объединенных Наций (Главные 6 органов)
unres	0	Мы не должны быть частью ООН.
unres	1	Я поддерживаю идею создания ООН или аналогичной новой организации, которая заменит правительства, подобные нашему, чтобы объединить мир в единую страну.
unres	2	Наша страна должна заботиться о своём народе, а не о народе всего мира, поэтому мы не должны следовать указаниям ООН, если они не совпадают с нашими собственными интересами.
unres	3	Мы должны следовать резолюциям ООН и оказывать международное давление на страны, которые этого не делают, чтобы сделать мир лучше для всех.
unres	4	Законы нашей страны не должны определяться другими странами, мы можем рассматривать резолюции ООН, но должны принимать их как законы в нашей стране, только если они соответствуют нашим интересам.
unres	5	Мы должны пытаться использовать ООН в своих интересах, поддерживать предложения, которые выгодны нам, и поощрять других следовать им, однако мы должны следовать только тем предложениям, которые выгодны нам.
unres	6	Мы не должны менять свой образ жизни, потому что так говорят другие страны.
espionage		Most Important Espionage Agency Tasks
espionage	0	We should use our foreign espionage agency to attempt to infiltrate our enemies abroad and overthrow leaders who oppose us when possible
espionage	1	The most important task is uncovering and tracking down the worst sorts of criminals who reside in our nation
espionage	2	We should use our espionage agencies primarily to identify terrorist threats that could pose a risk to our citizens
espionage	3	The most important espionage task is for our domestic agency to track down people who entered the nation illegally so we can deport them
espionage	4	The most important task is for our foreign espionage agency to uncover atrocities around the world and expose them
espionage	5	We should not even have a foreign espionage agency. Our domestic agency should focused on uncovering and tracking down criminals and people who entered the nation illegally
espionage	6	We should not have any espionage agency
A		Выберите вариант, который вам ближе всего
BL		Нажмите ?, если предпочтение незначительное
BR		Нажмите ✓, если это определённо ваше предпочтение
all		Все
home		Главная страница
values		Возможные значения
whistle		Информаторы
whistle	0	Whistleblowers should make reports through the proper channels for ethical concerns. If someone is found to have leaked classified information, they should be punished.
whistle	1	There should be no classified information, and as such, there is no issue with whistleblowers.
whistle	2	Whistleblowers who are revealing information that the people have a right to know, such as illegal activities the government did, should be protected and regarded as heroes.
whistle	3	Anyone leaking state secrets must be punished, the people the state trusts to handle its secrets should not have the authority to determine whether the state is right or wrong.
police		Deaths Caused by Police
police	0	When a police death occurs, there should be an investigation. The officer should be punished if they did not follow policy, but if they followed a bad policy, the policy should be changed, the officer should not be punished.
police	1	There should not be a police force, people should determine justice using their own means.
police	2	Police work dangerous, high-stress jobs and should generally have protection when they take an action when they perceive a threat that turns out to be wrong
police	3	Most police should not be armed with lethal weapons, should be representative of the communities that they serve, and should be trained in deescalation, and should be charged when they kill a member of the communities that they were supposed to protect.
police	4	Police should be legally allowed to kill when someone puts up any perceived resistance to the police.
survey		Surveillance
survey	0	People should have a reasonable expectation of privacy in their data, but the government should be allowed to gain access to the private communications of certain people, if they have reasonable cause to apply for a warrant.
survey	1	Companies should be permitted to monitor your communications and ensure that you are following all their terms, but the government, if one even exists, should not be allowed to.
survey	2	The government should be able to access the communications of anyone. This should be used to discourage people from  engaging in illegal activities online.
survey	3	People should have a right to privacy in their communications. The government should not be able to get electronic data.
survey	4	The government shouldn't be allowed to look at most communications, but software should automatically flag potentially illegal activities for review and potential reporting to authorities.
guns		Gun Ownership
guns	0	Those who can demonstrate a need to own a gun should be able to get one, however, those without a need should not be able to.
guns	1	Gun ownership should be encouraged, if not required, to deter criminals who will have to put their life at risk when committing a crime.
guns	2	Anyone should be able to own a gun and be able to use it when they feel threatened.
guns	3	Many gun deaths are caused by lack of proper training. There should be restrictions on purchasing a guns including training requirements and background checks to ensure gun-owners are responsible.
guns	4	Civilians should not be permitted to own a gun, it endangers law enforcement officers and makes crime more difficult to stop.
deathpenalty		Death Penalty
deathpenalty	0	If people are found guilty beyond any shadow of a doubt for a particularly heinous crime, they should be given the death penalty.
deathpenalty	1	There should be no prisons, as such, if someone has committed an act where it it unsafe to allow them to go freely, they should be executed.
deathpenalty	2	The death penalty should be an option, as it will reduce crime by serving as a deterrent.
deathpenalty	3	We should always try to rehabilitate, and criminals should still have a right to live and change, so the death penalty should be banned.
deathpenalty	4	Those who defy the state should be executed, to ensure that those who remain obey.
deathpenalty	5	The death penalty is an easy escape for especially heinous criminals and should be banned
proced	desc	Согласно этому тесту, сторонники «Процедурной безопасности» считают, что люди должны следовать установленным процедурам и правилам. Тех, кто следует процедурам, даже если они ошибочны, не следует наказывать, а вместо этого следует изменять процедуры.
decn	desc	Те, кто верит в «Децентрализованную безопасность», считают, что правительство не должно гарантировать безопасность для населения, и вместо этого полагают, что люди должны взять свою безопасность в собственные руки. Обычно они твердо верят в право на оружие и выступают против тюрем и полиции.
lao	desc	Сторонники «Закона и порядка» считают, что лучший способ предотвращения преступлений — это строгие наказания и риски для сдерживания преступников. Они обычно считают, что тех, кто нарушает закон, следует наказывать по всей строгости закона, а также поддерживают карательное правосудие, а не реабилитацию.
hum	desc	Сторонники «Гуманизма», согласно этому тесту, считают, что большинство людей в основе своей добрые, и что им следует доверять до тех пор, пока они не покажут, что не заслуживают этого доверия. Они поддерживают реабилитацию и право на ношение оружия как право по умолчанию. 
hum*	desc	В этом тесте стороником «Реформизма» называется человек, который считает, что правительство должно обеспечивать безопасность своих граждан, уважая их частную жизнь. Реформисты считают, что для обращения с оружием необходимо пройти обучение, но также поддерживают права на неприкосновенность частной жизни и реабилитацию.
prot	desc	Сторонники «Государственной безопасности» считают, что частная жизнь не имеет значения по сравнению с гарантией безопасности, и обычно выступает за постоянную слежку и устранение любой угрозы восстания. Они считают, что население должно следовать закону любыми средствами.
prot*	desc	Сторонники «Тотальной безопасности» считают, что государство должно подавлять инакомыслие. Они считают, что население должно следовать закону любыми средствами, и что никто не должен рассчитывать на неприкосновенность частной жизни, поэтому каждый должен следовать закону.
